﻿<?xml version="1.0" encoding="utf-8"?>
<Resources>
  <Resource Id="CUSTOMACTIVITY.PWM_ONELOGIN_0_CONFIGURE_AND_CONNECT.PAGETIP">
    <Value><![CDATA[]]></Value>
  </Resource>
  <Resource Id="SCENARIOACTION.PWM_ONELOGIN_0_CONFIGURE_AND_CONNECT.NAME">
    <Value><![CDATA[PWM OneLogin 0 : Configure and Connect]]></Value>
  </Resource>
  <Resource Id="SCENARIOACTION.PWM_ONELOGIN_0_CONFIGURE_AND_CONNECT.DESCRIPTION">
    <Value><![CDATA[]]></Value>
  </Resource>
  <Resource Id="CUSTOMACTIVITY.PWM_ONELOGIN_MFA_AUTHENTICATION_1_SELECT_DEVICE.PAGETIP">
    <Value><![CDATA[]]></Value>
  </Resource>
  <Resource Id="SCENARIOACTION.PWM_ONELOGIN_MFA_AUTHENTICATION_1_SELECT_DEVICE.NAME">
    <Value><![CDATA[PWM OneLogin - MFA Authentication 1 : Select Device]]></Value>
  </Resource>
  <Resource Id="SCENARIOACTION.PWM_ONELOGIN_MFA_AUTHENTICATION_1_SELECT_DEVICE.DESCRIPTION">
    <Value><![CDATA[]]></Value>
  </Resource>
  <Resource Id="CUSTOMACTIVITY.PWM_ONELOGIN_MFA_AUTHENTICATION_2_AUTHENTICATE_DEVICE.PAGETIP">
    <Value><![CDATA[]]></Value>
  </Resource>
  <Resource Id="SCENARIOACTION.PWM_ONELOGIN_MFA_AUTHENTICATION_2_AUTHENTICATE_DEVICE.NAME">
    <Value><![CDATA[PWM OneLogin - MFA Authentication 2 : Authenticate Device]]></Value>
  </Resource>
  <Resource Id="SCENARIOACTION.PWM_ONELOGIN_MFA_AUTHENTICATION_2_AUTHENTICATE_DEVICE.DESCRIPTION">
    <Value><![CDATA[]]></Value>
  </Resource>
  <Resource Id="SCENARIO.AC467ACF-196F-4DE0-AFD2-8C3D0DDE5333.CUSTOM_CF95E913-7941-4D18-918D-0A7E35EAFB0B.NAME">
    <Value><![CDATA[[Password Reset] With OneLogin (API) Authentication]]></Value>
  </Resource>
  <Resource Id="SCENARIO.AC467ACF-196F-4DE0-AFD2-8C3D0DDE5333.CUSTOM_CF95E913-7941-4D18-918D-0A7E35EAFB0B.DESCRIPTION">
    <Value><![CDATA[Reset your Password with OneLogin API-Based MFA]]></Value>
  </Resource>
</Resources>