﻿<?xml version="1.0" encoding="utf-8"?>
<Resources>
  <Resource Id="CUSTOMACTIVITY.PWM_ONELOGIN_0_CONFIGURE_AND_CONNECT.PAGETIP">
    <Value><![CDATA[]]></Value>
  </Resource>
  <Resource Id="SCENARIOACTION.PWM_ONELOGIN_0_CONFIGURE_AND_CONNECT.NAME">
    <Value><![CDATA[PWM OneLogin 0 : Configure and Connect]]></Value>
  </Resource>
  <Resource Id="SCENARIOACTION.PWM_ONELOGIN_0_CONFIGURE_AND_CONNECT.DESCRIPTION">
    <Value><![CDATA[]]></Value>
  </Resource>
  <Resource Id="CUSTOMACTIVITY.PWM_ONELOGIN_MFA_AUTHENTICATION_1_SELECT_DEVICE.PAGETIP">
    <Value><![CDATA[]]></Value>
  </Resource>
  <Resource Id="SCENARIOACTION.PWM_ONELOGIN_MFA_AUTHENTICATION_1_SELECT_DEVICE.NAME">
    <Value><![CDATA[PWM OneLogin - MFA Authentication 1 : Select Device]]></Value>
  </Resource>
  <Resource Id="SCENARIOACTION.PWM_ONELOGIN_MFA_AUTHENTICATION_1_SELECT_DEVICE.DESCRIPTION">
    <Value><![CDATA[]]></Value>
  </Resource>
  <Resource Id="CUSTOMACTIVITY.PWM_ONELOGIN_MFA_AUTHENTICATION_2_AUTHENTICATE_DEVICE.PAGETIP">
    <Value><![CDATA[]]></Value>
  </Resource>
  <Resource Id="SCENARIOACTION.PWM_ONELOGIN_MFA_AUTHENTICATION_2_AUTHENTICATE_DEVICE.NAME">
    <Value><![CDATA[PWM OneLogin - MFA Authentication 2 : Authenticate Device]]></Value>
  </Resource>
  <Resource Id="SCENARIOACTION.PWM_ONELOGIN_MFA_AUTHENTICATION_2_AUTHENTICATE_DEVICE.DESCRIPTION">
    <Value><![CDATA[]]></Value>
  </Resource>
  <Resource Id="SCENARIO.6F6CFA34-0BEC-4458-80BF-8619877803F7.CUSTOM_EA1F8623-7BBF-4B60-84FA-A73B5799737B.NAME">
    <Value><![CDATA[[Authentication] OneLogin (API)]]></Value>
  </Resource>
  <Resource Id="SCENARIO.6F6CFA34-0BEC-4458-80BF-8619877803F7.CUSTOM_EA1F8623-7BBF-4B60-84FA-A73B5799737B.DESCRIPTION">
    <Value><![CDATA[Simple Authentication against OneLogin via the API]]></Value>
  </Resource>
</Resources>