﻿<?xml version="1.0" encoding="utf-8"?>
<Resources>
  <Resource Id="CUSTOMACTIVITY.PWM_ONELOGIN_0_CONFIGURE_AND_CONNECT.PAGETIP">
    <Value><![CDATA[]]></Value>
  </Resource>
  <Resource Id="SCENARIOACTION.PWM_ONELOGIN_0_CONFIGURE_AND_CONNECT.NAME">
    <Value><![CDATA[PWM OneLogin 0 : Configure and Connect]]></Value>
  </Resource>
  <Resource Id="SCENARIOACTION.PWM_ONELOGIN_0_CONFIGURE_AND_CONNECT.DESCRIPTION">
    <Value><![CDATA[]]></Value>
  </Resource>
  <Resource Id="CUSTOMACTIVITY.PWM_ONELOGIN_MFA_AUTHENTICATION_1_SELECT_DEVICE.PAGETIP">
    <Value><![CDATA[]]></Value>
  </Resource>
  <Resource Id="SCENARIOACTION.PWM_ONELOGIN_MFA_AUTHENTICATION_1_SELECT_DEVICE.NAME">
    <Value><![CDATA[PWM OneLogin - MFA Authentication 1 : Select Device]]></Value>
  </Resource>
  <Resource Id="SCENARIOACTION.PWM_ONELOGIN_MFA_AUTHENTICATION_1_SELECT_DEVICE.DESCRIPTION">
    <Value><![CDATA[]]></Value>
  </Resource>
  <Resource Id="CUSTOMACTIVITY.PWM_ONELOGIN_MFA_AUTHENTICATION_2_AUTHENTICATE_DEVICE.PAGETIP">
    <Value><![CDATA[]]></Value>
  </Resource>
  <Resource Id="SCENARIOACTION.PWM_ONELOGIN_MFA_AUTHENTICATION_2_AUTHENTICATE_DEVICE.NAME">
    <Value><![CDATA[PWM OneLogin - MFA Authentication 2 : Authenticate Device]]></Value>
  </Resource>
  <Resource Id="SCENARIOACTION.PWM_ONELOGIN_MFA_AUTHENTICATION_2_AUTHENTICATE_DEVICE.DESCRIPTION">
    <Value><![CDATA[]]></Value>
  </Resource>
  <Resource Id="CUSTOMACTIVITY.SUMMARY_SUCCESSFUL_AUTHENTICATION.PAGETIP">
    <Value><![CDATA[Success! You have successfully authenticated.]]></Value>
  </Resource>
  <Resource Id="SCENARIOACTION.SUMMARY_SUCCESSFUL_AUTHENTICATION.NAME">
    <Value><![CDATA[Summary - Successful Authentication]]></Value>
  </Resource>
  <Resource Id="SCENARIOACTION.SUMMARY_SUCCESSFUL_AUTHENTICATION.DESCRIPTION">
    <Value><![CDATA[Just displays a success message for authentication workflows]]></Value>
  </Resource>
  <Resource Id="SCENARIO.F45C7383-5A41-49EC-AE66-8E9F19FB4C1E.CUSTOM_EA1F8623-7BBF-4B60-84FA-A73B5799737B.NAME">
    <Value><![CDATA[[Authentication] OneLogin (API)]]></Value>
  </Resource>
  <Resource Id="SCENARIO.F45C7383-5A41-49EC-AE66-8E9F19FB4C1E.CUSTOM_EA1F8623-7BBF-4B60-84FA-A73B5799737B.DESCRIPTION">
    <Value><![CDATA[Simple Authentication against OneLogin via the API]]></Value>
  </Resource>
</Resources>