﻿<?xml version="1.0" encoding="utf-8"?>
<Resources>
  <Resource Id="CUSTOMACTIVITY.PWM_ONELOGIN_MFA_AUTHENTICATION_1_SELECT_DEVICE.PAGETIP">
    <Value><![CDATA[]]></Value>
  </Resource>
  <Resource Id="SCENARIOACTION.PWM_ONELOGIN_MFA_AUTHENTICATION_1_SELECT_DEVICE.NAME">
    <Value><![CDATA[PWM OneLogin - MFA Authentication 1 : Select Device]]></Value>
  </Resource>
  <Resource Id="SCENARIOACTION.PWM_ONELOGIN_MFA_AUTHENTICATION_1_SELECT_DEVICE.DESCRIPTION">
    <Value><![CDATA[]]></Value>
  </Resource>
</Resources>